cian_id,price_rub,pred_price
328921589,130000000,66365920.67858512
322285173,115000000,57181076.22662024
326338671,69000000,52202001.64535998
321863845,126946637,83359125.0427992
325165591,125000000,81662713.89815684
323646647,243693120,222787587.48310623
313227250,254859539,225523008.30410358
317927888,44291250,38847461.5028239
327100164,85000000,69530058.12914112
326980060,37950579,37733533.41246389
328476252,78565500,66271816.04309858
327638985,145000000,92246692.30806577
323079305,135000000,69170971.86104405
325366202,35877456,39833971.85789556
323656322,126000000,86738540.06842744
326239426,56500000,47938083.18235572
327785311,21370440,25726148.217162263
327179406,118000000,111675109.64929728
310087496,4573800,4995225.277910903
324212134,28172340,28079880.591522954
327575726,71619000,69309126.5090676
324896068,45980000,29509047.03517536
327119670,125000000,150484786.34344214
328804200,71467500,42040799.707551636
328453567,25104652,24651953.316058394
327237454,198000000,103603674.99703677
327491936,128331000,68169930.59860393
324616668,49056773,27689253.872494496
320103819,160625602,83124475.99377613
324862159,59900000,41550930.03365989
327017029,18058950,21567171.267185595
329243657,16343111,18723646.742418006
321684334,80280000,74006327.48209763
320394796,36324945,26810585.176769424
329222494,249448125,109890603.1920764
320394780,24770819,25342576.064576156
325366185,21806542,25032789.383016285
327286425,22796800,24476736.47493005
312710883,120000000,74505634.8388479
321363867,40553600,29160955.44303049
323818882,70000000,49725036.86226115
328511153,37886521,36253188.095680326
327560968,52500000,47257560.21298572
326029206,390000000,200598222.1461009
328497496,28810536,27845653.932973944
327324000,59805800,37388999.03148983
327227109,155000000,70014714.31881028
329266275,495000000,242496318.22623235
326686500,189900000,192557987.19536808
325690967,71058197,81952349.2842199
327050327,39599560,28608166.295447193
328649583,12900000,32514527.46258897
327530476,39183836,30678241.673750855
309855587,65000000,64396005.13334032
324824019,737859150,476845744.26061654
328438394,52308000,51841897.3619592
315685357,23434005,25582728.29807441
325397205,56000000,46853939.263206325
327349412,19013850,24182849.531105027
320103833,71859594,54444330.56060013
328168709,52800000,42475180.270249814
327290871,18960128,20627808.332744375
328032798,34761600,27311448.912684515
323597229,140000000,75225314.40207711
329241302,56356000,34658749.62947574
320030610,20092255,26279171.803290285
327030642,26272000,26048511.56817507
326536744,480000000,268265350.64010972
329237436,304677080,165678132.2978178
328952219,184161680,106557747.34320836
329176296,95000000,76182491.40404442
328917133,270000000,104171223.68184297
326942725,34962486,28170385.488614384
328478317,30000000,29924341.994101785
327542698,25564362,26386016.86215976
327490513,20761104,21475308.445916023
328904518,200283072,122930012.85621296
326584153,49990000,39564672.258426994
320335475,99854710,59671943.66672249
329133131,49900000,48448632.55572064
318815971,41800000,30691853.71365839
323466911,72508636,56109622.495747626
323316209,77803023,56249936.72050963
328056123,145000000,120174150.74233292
328483937,80000000,45685559.96799288
327696585,44000000,40802087.33399789
325024294,135000000,93340361.9182672
323517054,37364640,30072610.92550743
322779225,44291250,41453179.849640995
326398483,60664500,41336387.72109628
322355409,17010771,17743661.071498487
329364999,70000000,44035652.76145655
320335472,174397860,143160290.14370015
326834657,154990000,129070105.97004454
323904693,155000000,138432241.21368533
327891795,21250000,21679220.67446832
322960939,178000000,176376539.25959674
323003557,18595080,21611624.61466212
286886078,15256100,14947651.007953905
328018640,61900000,35658502.60243045
326333119,155000000,87683644.7814356
327162980,69900000,69746453.69199911
328635167,106666560,81974521.00992702
316070882,51000000,51112672.80796874
320393509,46408097,32408689.94845763
322430221,82863480,68394423.37563193
320949320,499000000,236618197.98636347
328134551,295000000,183391465.60443676
326884631,35000000,31301897.952714182
329355992,200000000,94571331.02832907
326362890,71840881,56109591.54445836
327567135,59900000,40036535.47818511
326454486,113568000,77140480.72731848
329004988,139000000,101827695.26075248
328486469,70906220,37025713.31800486
315335442,46999000,54215434.65869388
329374402,73157351,66661757.47011252
296106353,270000000,227861856.78121006
296106315,450000000,373807365.6688836
311245853,3500000,3426060.132842485
314433652,148000000,112748285.46368362
328521830,63394795,45844351.20359367
329065326,120000000,103665081.92913951
325632254,24238500,24444573.785382338
319123429,118000000,111697643.11273561
326928829,123000000,121836524.64113525
317410376,5000000,5814551.492774475
320335397,64627560,51742792.64246838
327993673,248000000,138216761.90127105
321395552,59900000,46584721.97209984
324759216,109263000,93034097.92434682
328307670,26500000,26041875.608688433
329326896,23506698,25830697.50796615
317518137,96288000,64360941.81764812
327802246,79900000,66763174.714439444
328269441,23762054,26037898.413505692
320252347,118321528,90340651.72734517
312875308,101365000,58314582.757636234
328337832,115000000,115003156.01898512
327030607,72675400,38368628.468775764
328364994,135000000,95424200.5652712
329367676,42000000,35240238.81597317
305070032,82500000,64396760.150451206
327542673,35530068,27903066.312116932
327826154,250000000,161726617.65246248
324215702,170000000,86922767.84528485
328196883,18542433,23389201.442609288
323346432,79000000,63969200.47705798
329370825,70000000,39724439.481994726
327933509,369000000,177505445.75232166
322286415,940000000,268320753.28252983
328465384,61247174,48983886.910689995
328526033,179550000,126204913.03589296
317927939,118276470,66489297.29504152
323517098,46678250,41886681.01379043
305914265,26862120,27296442.956220582
316678704,382643431,194724543.8381596
326582339,50500000,45444069.82592508
326582092,127000000,129851063.96412317
321658755,142060000,112947104.71143836
327086338,115000000,84538862.68408471
328643625,97000000,72299298.0464693
324625303,225000000,136423212.718567
327037126,290000000,312979140.7104967
321138965,71111151,49344795.1258319
325787251,399000000,440082733.30094963
326728084,54900000,51328210.624230094
326240071,127493100,127561667.13428612
328977592,423000000,243534228.17269778
328476273,42998930,40887246.818816796
328095881,145000000,70411688.0385423
307861416,89000000,86664395.03407866
328534449,86958400,54704934.49323131
324624513,270000000,197657883.02345663
328450804,475000000,315361260.3500945
326398957,24693542,25447967.047645297
328215908,330000000,165582181.23513755
329352187,84000000,84018601.62249589
327932164,300000000,173409358.13334787
328450249,25031812,25755008.16832321
316383630,17953730,20739839.312459063
324708075,43655626,27710295.927647695
328297387,80000000,63030940.87564843
328205111,129900000,73056613.240178
325310886,404000000,277762563.9823696
325201019,404000000,288694499.7794065
329442929,207000000,134971933.1503235
313895674,337000000,194298237.89977452
327323709,21842456,25872951.447337594
328308610,78000000,47375571.29766363
328641021,40900000,37657395.223962605
326366282,260967150,208912977.52231166
327194398,87034520,72364472.4176224
325169048,74000000,57327564.68931287
323678779,32087500,27368327.32071569
327644195,235000000,146316577.91775244
328843575,22716980,23652372.030640077
327772642,34825354,28561371.219536554
314882493,33210188,28338648.33031684
324139528,40000000,34576747.17531962
328438366,120266200,76012454.68499489
323365053,37854848,27836877.200399976
325897254,51034104,30768523.998499185
327297617,290000000,282333879.0658405
326348005,109000000,79765999.61703467
329364379,125000000,144366853.57772386
326451272,165850000,129227011.83942887
329241331,58966200,34914769.49489181
325484457,15069795,15172394.224748865
324647348,141000000,90904699.42215893
327078104,125000000,70399062.08392206
320393569,26511473,25769451.13950919
328783448,25582100,25585574.399465054
328449998,56258800,34445527.40599155
321697352,161000000,124714322.24752125
326127218,121000000,71023670.56709145
327918014,99550289,68599763.89710397
327823774,400000000,187664957.61762363
328712805,540000000,192728186.1885785
328762969,36882000,27469752.241914336
328108077,275000000,111117518.92944376
326175921,23546880,25422507.61252771
328134308,138890000,83393969.96266088
329336571,21502800,22809038.181110647
328967159,25283740,26594281.12160919
328645635,26233590,26283196.897370372
323815859,91500000,87153044.69913763
328824323,500000000,259190222.32906333
328042900,350000000,297254553.00223726
327918011,136841925,97336277.1428369
326651339,37585440,27610687.82333016
326204980,33500000,28079147.08311388
313050157,54784016,50832241.75631173
329044056,160000000,135894347.5031585
326570812,69000000,71565884.00420265
327543816,34102850,27790926.621892903
324832256,49507463,32440952.701156035
328843571,27930540,26394682.848909765
329371248,340000000,127271787.43298605
328428059,73000000,56757304.69426502
325366190,27981605,25577348.65741701
327891849,690320000,374925598.2030454
329246565,33714694,28133955.27832643
325990547,299900000,300638086.16372025
324832041,23498760,24608066.43614603
329310559,17400000,21551633.307537906
329043967,21500000,23843608.22783986
327477216,535000000,259608525.7856568
328980111,25761157,25764692.47436893
328712802,420000000,169904020.25764388
326617006,135000000,98115108.30765422
329051429,7450000,7089529.8817734085
328830886,128000000,122600997.1598113
327035402,129369000,84352382.59544337
327263882,75000000,67450634.8755266
326437825,165000000,149116557.106738
329390452,44000000,41700565.387542635
326530140,298000000,145233886.94110632
327651638,29425050,26918830.492338356
326888645,29657320,29059469.167707525
318297474,50132040,28911879.23064116
325881772,515000000,317871623.6721671
323000798,295000000,352219354.7312631
321435302,170688600,88657063.26542719
327353999,130000000,91947536.5623073
322940039,392850000,215789421.2782847
325333824,175000000,158702255.82329032
320393770,25688534,25090742.582920313
329224437,210805239,204476905.842063
327423094,49500000,49454856.785520874
324952327,72000000,42327087.67036246
325112502,35728428,35675465.99007354
324708078,33988066,29324801.339409456
327012588,21649512,24460990.89823208
328488491,58000000,35592556.68768516
325931784,68000000,49079490.58581188
328655208,170000000,95681892.73551048
319291220,66000000,97428468.88873808
320393638,88431338,65970535.90396387
320395272,28508569,27384963.932792973
327078830,550000000,147887956.31342983
325999348,44000000,40802450.38667379
320103824,64475972,55339020.15729028
328250768,55000000,39612154.11896078
328148710,400000000,279742639.1880207
328476248,118471710,79841890.67188025
328639206,59000000,37659923.04708986
328655494,185000000,78728624.22693805
328221411,113291100,57628461.73725178
325484369,19366652,23402638.11237272
328243782,57000000,40768886.55868141
324923398,405000000,176911891.76851758
319352551,405000000,182885514.06122896
328251330,53000000,43362584.169010565
305062355,79940000,55219399.82482542
322805619,165000000,103470803.01528212
329325767,390000000,198872939.01621297
328729488,288000000,172513480.8545671
329175250,205000000,125847384.81037843
328818665,250000000,269412390.6351511
325832273,95000000,58788345.946738444
327323695,26992421,26858264.745291863
327761462,65000000,37987603.37406343
328802442,27178410,26858879.666582994
323699238,223746000,83522647.49663468
327891756,131670000,102543918.38974662
326239428,56000000,49120680.59445645
328653620,999000000,318314753.73028994
328438364,180745400,156868844.3202548
328952213,96239999,93783506.41798334
329214083,226800000,119281319.5372486
326835369,95000000,55634745.427865244
329309215,145000000,104411485.20499125
327900652,28278750,26742265.029934045
328402232,595000000,313828217.2716893
324645979,65600000,42772337.87739006
328904515,368146152,221816435.21065453
321905708,511595000,449294271.1545996
327891728,23580000,47676242.401994556
328846304,725000000,476659068.7872661
328373574,338577750,111030251.10468854
325459939,97568889,66138380.99785269
327078106,200000000,96455296.13600396
329026651,270000000,208106021.97314882
323313275,450000000,205285907.24686933
327772504,48939964,30674352.303192407
328259782,77504985,87212982.78299955
316936022,34327040,28243536.74439864
327050362,56236800,29935483.640594374
327012897,41797352,28902255.574756633
326587486,27555510,26960757.756213836
326018476,21378280,25347798.09947616
326563124,17715280,21300838.24529551
324904292,64000000,33704719.83097947
327891780,41180000,42832306.07746549
328465079,19532310,21585679.99788306
328238671,139000000,120885120.8425302
329370599,18509436,22202342.521365937
318757099,155000000,106190087.56915544
318165983,167970000,131743626.67452902
328091383,340000000,139041968.85983974
328980118,34288389,27068108.87278989
315693762,4671000,3852456.6768958047
327696818,22578400,26000973.880588364
328544654,100000000,63060714.73921046
326022457,17362953,19454532.693359923
328099582,275000000,115440931.43778157
317202000,129900000,132420143.10935393
322684341,162750000,66973652.79194793
329240949,28755000,26483188.42719932
328537224,141000000,90524251.05286545
318280441,450000000,409059670.44702995
329214071,371757894,149928333.926339
327532598,179500000,103934270.44950314
325277700,260000000,183380622.7975008
329286716,48180000,37018733.67247803
326558800,315000000,262228800.14824858
329026901,19550215,21743268.23062531
315606513,299000000,297947137.60899496
327324580,25120693,25580895.986802965
323701262,62000000,43594739.16760485
325482392,17369572,19996542.11367141
328290917,75475247,52528639.37489063
327120748,45147340,33522885.274535228
322366511,460000000,275117801.9733343
327323798,18341663,21027499.96662114
326366212,133648230,73414224.53630501
326878525,20532928,24070218.898409806
328494168,28285020,26945611.462336432
326130429,121000000,68052655.15840726
325111598,295000000,150980834.128861
326518943,56870700,40030980.454823986
319181814,124000000,102051090.35786463
328848789,47000000,41298935.90084467
328438400,82791400,61524883.43849943
326735557,164500000,94244186.03925115
327542717,17422544,17646925.81181719
327572893,500000000,301028314.47119355
325733243,459000000,244828781.84304783
328442574,21647610,23810142.214361243
329237455,347427649,238897826.80384302
329190093,125000000,93133697.72404483
321616278,19039806,20821512.851231247
329286718,22102080,23025651.68518395
329237423,104903446,74681190.08054283
327993672,43500000,35835741.93827514
325211172,19066615,21025425.05067496
327492357,55000000,37619367.15781351
327044774,83664000,68851961.54633404
329110007,180000000,145851177.2612537
325148476,28100606,25898339.636983816
329214060,133802339,107798828.26343949
329445776,200000000,112863858.13467216
315095998,138000000,98651889.66873519
325148468,39330387,29421829.98651855
323109826,159000000,130056260.71612687
326370515,58632962,39602104.93287313
325690664,53085312,33827023.61490639
326387892,78990000,73596537.8934991
322684331,116290000,62822096.194742486
323699236,116464000,84763291.75459194
327891737,66170000,54222025.570201434
321987817,170000000,134447511.19644183
328857417,28500000,28373573.003770456
326991128,45344672,50473329.91036744
328975848,140000000,115016046.10552922
329443989,100000000,77389609.8400388
328307901,82000000,72885445.01884288
328907978,24841116,41904402.0137309
321616232,23034431,24812067.6359925
318422187,480000000,456299815.988917
324852784,154999999,101056175.72236949
328589560,52000000,39046157.15128138
327891770,54800000,32464868.668266702
326530136,520000000,263442402.98860326
326427446,28907550,26748517.114945766
323699242,282541000,161275015.94681248
326546615,18023489,21836794.342904177
324518369,11590000,13755537.335345004
322900165,43500000,31345940.47894986
327323849,17801132,19496827.560660265
329235444,54289112,61108928.75236172
329082796,124990000,109461178.85993321
324832289,21329279,21556468.187837522
326483716,38551386,34833098.83808999
324710004,24500000,28777759.78742951
329096880,66000000,38217406.84373067
328562159,36500000,35864480.02947008
326613512,160000000,99542934.75938834
328084980,400000000,194725856.3083659
321954764,346000000,167541350.92224944
328514043,298000000,211265809.17513064
309039966,250000000,195046838.10886136
328952148,252273138,135766027.01392376
329140666,115000000,103826246.72032198
329184827,21715736,31692673.332003124
327103783,373094400,245659746.71423164
328632418,56500000,43022990.666577436
323817659,240000000,167581500.31576183
329026945,45324750,30043116.32384991
327884878,365560000,222110994.31530306
329103079,205000000,163690304.7426632
320542851,190000000,134357389.22967842
327323956,184100000,111887630.6319509
328477135,80500000,54027509.65115754
324141169,281295000,134340157.38482058
316982492,23588136,23592315.56616085
326398913,23800925,24653844.31320609
327177951,60000000,52195171.60214773
327323962,82638400,79288028.00548844
329169170,93000000,51950815.15774333
325459941,56759142,35372001.206549086
318270845,119000000,118890333.37447062
328251534,104970000,112296734.82666373
328471454,188500000,131877497.79041207
327035861,16517446,20446696.015342336
327931969,299000000,155647580.6118679
326454434,149072200,88545639.69315845
327969803,135000000,120840633.62577319
309288334,28927560,26676727.1175961
328792307,42000000,31870084.64386571
329049890,95000000,91195587.38638432
318298263,110000000,77743460.83651158
328558317,58000000,48436351.314600974
319197332,29797321,26365851.99882752
328853325,940540000,858016889.4230067
326519400,76279500,59294500.09516585
322632572,76350000,72550038.48209473
319008757,125875000,86544117.26405242
323750089,360000000,192936666.51613402
328570959,262650000,144521836.6037357
324260342,60430000,52547107.20402233
326454426,84161700,57840116.22873691
322473299,90000000,90772188.17264497
328662370,599900000,303474424.29198205
328856947,37626390,27963305.714808885
300779531,314000000,226765549.45590866
326520879,79000000,61040771.88456904
320471107,34886900,28639849.82321483
328978208,14877444,16534379.407268954
328041308,700000000,455771296.158087
326316234,137000000,68651586.1418246
328261269,367400000,180261534.53777722
328326630,115000000,80531345.40503226
329057057,366000000,351007051.83986676
328380104,165000000,187541278.96212414
327733447,27634000,28193272.79789649
328134431,71170000,54747148.54129088
329178951,113500000,58795804.87939325
325482492,24641813,25665442.79257167
328482626,22853500,25357294.1777213
326989528,159000000,134160903.1759855
326426582,268000000,234814932.14225918
327867826,59900000,82650517.03873032
328395137,48000000,31954927.203315288
328092109,220000000,192382754.96359912
328476329,57996900,53236936.41296443
327742455,225000000,102307912.4430006
309288293,48144150,30608237.714801922
329329283,46500000,32414643.655111846
327574872,57040000,53335941.685025856
323846959,250000000,121096056.31495926
322430288,131721840,74184362.27527697
312875525,121880000,89920258.75877067
325373140,190000000,145579253.27616912
318076814,165000000,147378607.62216175
327570619,115000000,71539300.67379262
326398887,41620517,28766522.624738924
328497497,84298091,41527820.09371127
328364019,350000000,348812552.09230113
321265721,134000000,75714037.21590583
326599816,46000000,71423118.5095185
329241275,29985487,28120601.669926483
329218223,720000000,662214440.3325415
327891794,26990000,25095193.67423222
328541236,210000000,157431294.20362294
320969979,600000000,312674337.4381694
326767508,115000000,69388527.70256172
286346554,19028000,20169221.69196449
328920184,41570000,44901835.43170208
328753476,238943151,111598653.1323729
328257135,53000000,43362584.169010565
326002552,89900000,40263575.59197633
326367397,400000000,272913164.24067926
325691156,28181394,26902420.168051057
324141153,379843200,188423983.91905612
328373278,450000000,357699521.06716055
323804160,90000000,57844227.73496198
328429338,93440000,57532334.658757225
326229921,19451580,24835940.153152034
327881754,250000000,142745221.88263834
326011468,172840000,120322080.12985007
324948386,75548320,41136093.47046089
324836779,650000000,420623173.68548906
323678794,50394253,31451786.1854832
327564269,48870000,51988301.49640013
328659510,205000000,150004902.3132527
324359352,395000000,390306347.9793556
322196127,18791120,23316044.254091013
327448988,59900000,64901256.41922618
327385213,665285000,420845207.46945727
328728881,76500000,52383234.101479255
327845180,110000000,134753801.12214988
328406754,70000000,62197056.48978719
324671964,26934375,26331042.16117088
328659508,340400000,162755811.85995907
322430536,185455200,115932334.94337058
320394804,53218459,30414605.095167607
328519271,93000000,76228517.53563406
327492364,58000000,43420654.57055153
328655211,73000000,72680024.52711804
326872921,188000000,157603915.63800332
328525420,113071680,100764435.80732423
327534785,15243795,15170222.837549644
327124783,24600000,26922503.300832488
327732509,117000000,108421373.63667719
328018678,225000000,136639455.59616548
328307733,24388865,26746353.446825597
328466198,360000000,203957524.65103298
326321186,150000000,76905511.57469198
327323971,47079000,32358221.926055558
328562459,141000000,90216693.96123745
327998188,280000000,112765838.77324498
321905690,232440000,112662955.89241289
327029871,85900000,71207673.91693178
322431524,138000000,104988919.9804318
328148925,78990000,73596537.89414462
328030048,35000000,36780196.03376086
318719181,340000000,142388668.33047265
321059411,31243306,27815106.60232455
325686018,55585920,38946492.88040373
325882381,74900000,57194123.72481854
323753029,299750000,162469693.19738856
329056894,99900000,75834982.40858752
328942259,80000000,45574578.69548984
326530138,89900000,47474121.37696435
326594961,14324645,17320441.781861715
326950389,400000000,143872424.3029913
316982256,19142692,21175850.364986286
327341002,95000000,76868351.73466113
327712791,92000000,69103201.09518379
317725206,340000000,134506950.15596402
325137640,400000000,202828989.2469191
326669057,70000000,41116324.270411536
327530106,22645200,25127199.876083754
324831980,34540302,27312791.93193033
327067158,350000000,228743792.15407336
325557321,18920000,24371892.78940156
326546632,16566860,22631404.497676685
327706048,260000000,182687255.16299888
328309502,247300500,178756381.5183968
326887035,108000000,81780234.27635068
326437094,159000000,128918533.87599568
326357609,445000000,290335620.2361609
328369885,350000000,271649851.8146752
325691019,32999340,28619341.034173086
323774544,123580000,75913640.04309502
321905695,350865000,191776433.88906506
328406907,108000000,62812950.8872462
323003712,390000000,197581470.5859637
322621218,490000000,348339660.49626994
329410809,47700000,47683441.00769812
320963423,140000000,66161170.19045652
325484768,35982886,35796694.16080101
328257727,179000000,176630259.61159173
328713260,30872264,27040486.36502575
324865521,91000000,54120634.16403544
322940080,503720000,261786043.5790119
323831565,119000000,55304876.86222616
323077667,350000000,199569877.06023544
326477843,215945600,180305314.03725737
328175728,298000000,216396243.4650139
327996848,27979062,26463629.04183634
324139525,40000000,34576789.818678126
329414869,56900000,43071133.16551609
326296744,260000000,131963110.4925218
321435297,318705600,186017521.22318923
327564273,100000000,84314122.68095008
327016841,17952430,28097401.530404188
321363860,58029000,31560553.03256619
327120753,31641412,27059377.745495375
328581436,21209920,21617055.90685919
327884836,161290000,118883187.33851576
328909969,15626240,16997735.343043655
312617237,462000000,248896623.11013103
314882596,18272982,21895977.464295395
329004928,17280000,24514180.75886926
327191560,135000000,67568603.59289569
327996857,17618693,21882585.08350151
325486804,23106920,23575453.5267178
326334895,1300000,2565947.6586266197
312617241,477510000,251518836.94112912
329034674,15519234,19053279.62791492
314894282,269640000,204057634.7337584
325252890,200000000,174873151.821794
327322004,75000000,53765449.848502606
321910134,18732120,21732754.4407589
323619268,117000000,85812215.58911343
328494165,25988628,26491769.679031968
329205105,53370000,41158469.01993463
327686248,29537307,27648894.47821162
327686274,27136656,26259341.630218614
325897248,38488000,30769097.978647213
329237438,151924193,80280822.27258272
327323093,124265000,69610787.55322357
327231379,95000000,84096049.75995132
324444911,219900000,201944640.09929127
327686197,37304138,28804965.5662373
328669807,185000000,74923529.60385442
328804040,17300000,28323345.077447895
328082188,149107000,96680675.57850894
326519361,43977500,35792609.91009306
329004976,55880000,52635763.35963355
327044676,138261000,125065375.96506786
324138320,30849336,26692838.931826416
323884422,132000000,71562323.80096388
316997942,63475380,38983499.7950269
329401966,145000000,117031970.29487862
327884789,496080000,372074999.54477704
326427461,33069000,30685121.645107307
312875543,355685000,280217706.2184662
321370016,19100690,25319401.196388554
327733459,22500000,25821435.68242028
324749599,21057485,22562218.26504117
314894379,150000000,78837485.70405957
319127280,118000000,104888231.42355084
327108199,289016000,112738136.8053646
328952139,247612977,193119293.44676444
327044734,42669000,42359875.03369262
311057704,122394291,112808085.51746905
314720721,41653764,35681707.18615782
327746174,79800000,82060101.72566646
323028155,48802325,48597723.57440543
329374750,21735480,25612343.914772417
327030639,33193200,32628485.38095326
329375489,14156067,14082396.292179244
321666298,125000000,129214771.2441048
313896990,334980000,195543277.5868141
329370769,17807618,22768914.34659542
328407177,75058189,61117533.94253822
321478646,105000000,55311407.517781176
318610021,28801940,36075853.90712379
327120743,24230550,24507041.379748974
305914445,32900000,26929774.235002104
327772369,18318964,21862869.809483994
329487034,29961962,26359240.944393564
322430627,242011910,171834047.89902228
323678766,49284000,34810015.90238671
327290863,22195665,25417721.41441899
325686020,71772600,46565349.06846384
321364126,32277280,27414760.196729295
326228647,53317800,30851665.136134896
325484511,45058623,37235523.38530782
311057693,237003759,200349480.79759145
327530333,26118482,26466953.49016529
326400727,50789277,40906585.1495539
325302854,270000000,195789521.08771262
318610026,21923772,32952107.832654484
322940062,368940000,146756732.38625538
319197365,22714939,25020378.92615331
329222497,301308051,150840040.43280125
322684357,74240000,49525417.00998604
319197352,17064752,20933992.85337943
326427374,56441250,31372758.09643614
328621200,205000000,150013185.3221141
328415962,83500000,51857722.79412155
326890660,17335280,21427896.249325015
329362772,100000000,86713622.25921574
322977948,95000000,69538689.09734876
327103776,453015000,280302304.8543434
319197367,41249945,27893127.65367644
325366223,45793878,29659818.577402525
323958359,76540000,46894589.73251583
327760975,21679225,22577019.44282101
317717650,40491445,28366918.116703592
329366073,20277061,23564307.125678096
324212133,28172340,25606244.059556138
325386687,21359400,25600463.28933631
322137997,15258210,15386078.489699477
329103498,21580000,23732537.12352711
328032812,31484600,27920613.269441098
324615705,88101000,69972574.4165407
326784059,17903478,19381710.462990317
327103807,235612200,116435862.33259116
329243207,32373886,30185311.292879485
329241297,36743400,33307554.881125804
317477069,19253392,20676030.670350652
328967231,20935000,21457920.7292741
326451631,69000000,66075559.50750666
328857952,29490000,29736883.98367658
318593959,155000000,97703158.44395615
305062345,230000000,247406358.74373016
325784642,131340000,80864287.75864796
326868470,34900000,30878882.55989817
329302836,90000000,61270373.9005922
327969979,145000000,110717146.32199132
328872999,64000000,50002925.421699494
325407789,240000000,128595239.09071274
328662371,229900000,151449390.96561104
327377654,78990000,45618140.45402102
323869048,38490000,32880072.60934449
325956641,73450000,51615178.503180526
325052027,73450000,51615282.822109446
329360928,140000000,67905191.74149702
327134528,57000000,53933096.67941749
328217226,53000000,39281706.64951077
327135612,66500000,56753639.6073813
329165661,76000000,70977573.07706036
323948511,500000000,235984596.19683167
328723880,32500000,30237138.722702667
327231373,80000000,78969357.6064629
327437421,33500000,31630494.115920216
329112224,28000000,27415896.74845238
327136856,37200000,29499925.179905497
325532456,89000000,88878933.40024185
328805130,36490000,31291209.26592116
328226720,18500000,22925352.703949694
328726180,33300000,31841631.790784728
328415285,44000000,29567978.14579139
327401395,84500000,52555245.46077612
322765214,275000000,280293196.6841521
308117195,765000000,274563648.6655384
321421723,120000000,97917407.74439204
321981798,163000000,77854313.43751389
321728661,161000000,141986418.41055995
319867896,92600000,84693269.51953468
326522097,130000000,86621391.40119709
313961027,77500000,73699858.67420805
313961026,77500000,73699858.67420805
327261889,84000000,57423105.7058908
329471359,60000000,42400972.26077388
316387365,63900000,43330140.68242257
319780835,441000000,173147336.92886624
328465634,70550000,52875829.20305394
327239776,32200000,31275139.751866855
327091611,115000000,122091340.97036894
326950671,25500000,27314471.610845126
326936491,141840000,79958787.0880642
327291419,28400000,26506657.116043825
326936483,54790000,42208332.3770276
327425014,60000000,43803365.241625324
326550772,35990000,27248964.92936589
324752999,550000000,417712872.5685314
324651504,95000000,89234167.7144432
328568032,950000000,285410300.0929092
327614801,35000000,26952413.65639745
329466126,500000000,239935771.21849623
328851985,58900000,38644077.87547309
327079619,51000000,42386302.37270114
327079610,37000000,29758617.007934965
329268668,42000000,36587725.81652018
327154850,33790000,30345272.2053508
323122451,160000000,143097433.38830543
327469274,115000000,89988641.937394
328163529,35000000,34730165.009896584
327656316,59500000,49277559.735935315
328372511,110000000,116959217.42536102
328643350,138000000,192617624.49224228
328905865,79000000,41163346.80385801
329043096,15271065,17196043.121320575
328538966,105000000,80070966.28092869
326414769,181200000,139136726.23520368
326464491,29350000,52302786.542651564
328804711,130000000,110396918.93890075
328477631,160000000,95884725.49002013
319396964,137000000,123368990.13554193
327189891,160000000,138606477.31254542
329183304,270000000,167134959.1015823
327930154,22095065,26434432.379551154
325367727,35000000,34268348.30740079
329481394,6000000,3567075.049619943
322030256,125000000,78348510.95478058
329358871,29500000,28978604.63407225
318298265,130000000,100336004.75704682
327863383,57900000,47135488.83907452
322404334,88000000,85909754.62697363
326351035,110000000,66982969.42625816
322154732,79900000,73315529.86312182
322051040,65000000,40146888.76467966
320781357,89000000,89378445.14150956
326415004,175950000,133027736.81959859
320737435,49900000,35568370.48427187
319521165,52000000,91596639.4967339
319867897,69000000,56590985.645144135
324169850,78000000,39723119.51155744
326415003,170800000,126705221.99565433
321867883,75000000,60409432.41788149
328325585,35200000,34209659.64373882
326936488,87000000,54304284.91742386
326878444,71000000,35567736.13799743
324036879,159000000,90500882.83221018
323022155,78500000,60706136.375967845
329280996,20999999,26655777.025426604
327419210,500000000,264447349.31983787
329244635,73500000,74043926.57435185
327466019,99900000,96235862.51330681
327530065,24846000,26574039.152546972
324615659,64370880,61835623.53535179
327686133,18382536,20896053.778515726
327639229,260332187,122446403.8535615
328760948,570000000,193047853.1612068
321883670,86450000,74188126.17943624
328302300,450000000,555176172.5424908
309775073,524052722,298623897.4978899
315355401,177900000,161654983.07185414
326398471,85393000,35316026.088963605
321138985,56636904,51032212.90463485
320152606,75000000,78488864.39051126
320393486,35274379,27302555.498523965
326780795,362740000,109524680.016606
328670657,66800000,40141820.67468347
326877358,972505299,596722111.1389093
317224076,240000000,252924456.62698066
313034530,85000000,85782236.23686352
328104692,225000000,93550085.31547377
323534691,399000000,240284574.04331386
327542599,47691936,43372160.6501658
329187898,125000000,84961900.6369109
325800341,78000000,47369037.82424343
327999564,199500000,118659173.25649785
328450802,12000000,21746322.292863447
325023064,41570000,59707492.65067014
325210372,189000000,168159486.29604498
323689550,220000000,91605670.25339279
324904920,183000000,98121644.61524482
327688230,59136945,50915387.57111573
322506481,36234864,27844597.18735176
322777133,449400000,359681250.8459235
328804187,42487320,40035641.940302536
327351559,157000000,72626773.17359786
329047284,75000000,55649805.77787626
327985685,288000000,154039978.06421304
321700567,250000000,242712540.95601046
327108893,275880000,151830048.8492611
328327597,40000000,42039481.972533025
323463408,69000000,66014323.666835174
328167696,66000000,54696977.19571119
327396261,145000000,114369148.5820043
327564270,39800000,34557342.39133121
326990909,65000000,58446908.99916986
321072149,77870000,70366164.16377354
311057706,116734629,107655621.202765
325536143,135000000,116723579.62289299
326534064,16470000,17095854.33167038
324862093,993000000,484513715.51769376
325088960,58000000,41415252.817182966
316382950,99990000,74277862.21384819
306568259,41730080,31604788.030374184
328360291,355000000,177669939.76281324
327067804,70000000,57998509.205417156
324427576,59800000,46893174.4513136
328763574,147000000,118804720.69752653
327327724,24534016,25555050.704381064
325856751,75000000,48926721.75520484
327572798,80000000,38933368.00882715
327888338,199500000,122343622.56584589
309288041,40667950,28520874.123495836
323191112,500000000,307732546.0642563
327578349,56000000,47524898.641591966
328134513,114590000,70483202.45437098
322600091,122000000,77896084.00498918
329482219,202350000,103175405.0117442
326651417,50333670,32870469.284259826
321787938,105000000,64339052.92256531
328541239,200000000,157143893.8711541
323410870,89000000,67925948.10460822
329105252,18003007,21890393.134302102
328724316,139000000,130245356.66865551
329280427,169000000,125172602.27047361
324820338,65625501,45648087.78279057
319867899,69000000,64892054.48538786
326599813,65500000,66267130.701316275
322856666,49500000,45563134.97717066
328978222,23889435,24370427.068640746
325262155,150000000,81501399.05176145
328854384,260500000,106392563.50104131
324994192,76000000,39673374.43471314
328220814,120000000,88105858.37055998
324360668,119800000,135652140.96316892
324707832,250000000,124518711.79162355
327306114,55500000,44682788.89498596
327450181,71500000,48358148.111287
328917262,225000000,123262298.14626756
326888649,55976880,38306133.74409169
328180208,119000000,86049759.32478227
329022712,720000000,683758643.9273742
328220140,120000000,77083726.13227059
323320853,315000000,282010649.43093824
327710730,74000000,43242025.00607697
325770788,53900000,45882899.37734865
329492307,270000000,193746980.2188043
321909096,5000000,5196678.349836037
319636062,200000000,173632151.56160256
318768232,210000000,154236450.50559253
328717883,185000000,83907676.91572489
326066146,358000000,193747810.5810837
323816446,240000000,167745463.6537633
322354627,189000000,202509757.5567885
327742453,119000000,66912971.18288853
326319295,150000000,118686326.71463498
318386416,89990000,103258176.95167504
328449956,33640480,28921269.850695834
321435274,153773000,85461735.85210139
325998094,320000000,232218358.6050669
326848298,240000000,201934356.61658868
328723107,24814084,25423067.24070812
324359144,545000000,327869513.1382201
327944321,134810000,100957902.89067668
326083805,139000000,62742964.00821432
327349401,25494210,25977897.346453577
328023542,89000000,67925948.10460822
325308549,270000000,193746980.2188043
328939609,90000000,98179162.9892878
325305066,270000000,192776029.4606794
318903182,100000000,210535933.7882194
318212325,129000000,94833001.8060039
317264524,1450000,2987655.1361835003
316675664,95000000,73520025.51487187
329026652,79000000,43398735.383781776
313523784,17525760,20046940.241358444
315881193,72000000,35542980.173475266
328442656,17050953,23371115.524523746
315685683,2100000,1911146.959518779
328028180,175000000,146765336.8763768
328669803,77000000,67149083.58761847
323416386,83000000,117165046.87207916
328685690,89900000,79093001.51616786
312989612,37800000,57573281.57204111
323195989,175000000,79971305.2933105
329071630,135000000,78979813.11285897
329108034,18600000,20433600.790855203
328664383,105000000,64158457.13819282
328227138,175000000,82518708.39295655
326850859,230000000,186789672.09952518
327086708,157000000,75914269.11507657
326890603,30436751,26453581.32887836
